row_type,month,source,kind,n_captures,n_days,gap_start,gap_end,gap_days
month,2025-01,boards,board,36.0,19.0,,,
month,2025-01,boards,job,376.0,26.0,,,
month,2025-02,boards,board,32.0,17.0,,,
month,2025-02,boards,job,326.0,26.0,,,
month,2025-03,boards,board,18.0,9.0,,,
month,2025-03,boards,job,186.0,18.0,,,
month,2025-03,job_boards,board,23.0,9.0,,,
month,2025-03,job_boards,job,209.0,10.0,,,
month,2025-04,job_boards,board,60.0,17.0,,,
month,2025-04,job_boards,job,490.0,28.0,,,
month,2025-05,job_boards,board,60.0,16.0,,,
month,2025-05,job_boards,job,682.0,25.0,,,
month,2025-06,job_boards,board,45.0,17.0,,,
month,2025-06,job_boards,job,439.0,20.0,,,
month,2025-07,job_boards,board,48.0,21.0,,,
month,2025-07,job_boards,job,715.0,22.0,,,
month,2025-08,job_boards,board,76.0,18.0,,,
month,2025-08,job_boards,job,1008.0,29.0,,,
month,2025-09,job_boards,board,73.0,21.0,,,
month,2025-09,job_boards,job,845.0,26.0,,,
month,2025-10,job_boards,board,131.0,22.0,,,
month,2025-10,job_boards,job,862.0,29.0,,,
month,2025-11,job_boards,board,72.0,20.0,,,
month,2025-11,job_boards,job,1124.0,28.0,,,
month,2025-12,job_boards,board,63.0,19.0,,,
month,2025-12,job_boards,job,808.0,31.0,,,
month,2026-01,job_boards,board,63.0,18.0,,,
month,2026-01,job_boards,job,739.0,30.0,,,
month,2026-02,job_boards,board,79.0,20.0,,,
month,2026-02,job_boards,job,1316.0,28.0,,,
month,2026-03,job_boards,board,80.0,22.0,,,
month,2026-03,job_boards,job,1269.0,31.0,,,
month,2026-04,api,api,1.0,1.0,,,
month,2026-04,job_boards,board,88.0,19.0,,,
month,2026-04,job_boards,job,810.0,27.0,,,
month,2026-05,api,api,2.0,2.0,,,
month,2026-05,job_boards,board,92.0,19.0,,,
month,2026-05,job_boards,job,807.0,25.0,,,
month,2026-06,job_boards,board,89.0,23.0,,,
month,2026-06,job_boards,job,748.0,26.0,,,
month,2026-07,job_boards,board,27.0,11.0,,,
month,2026-07,job_boards,job,399.0,26.0,,,
month,2026-08,api,api,1.0,1.0,,,
month,2026-08,job_boards,board,25.0,13.0,,,
month,2026-08,job_boards,job,453.0,24.0,,,
month,2026-09,job_boards,board,20.0,10.0,,,
month,2026-09,job_boards,job,626.0,26.0,,,
month,2026-10,job_boards,job,19.0,3.0,,,
gap,,api,,,,2026-04-14,2026-05-10,26.0
gap,,api,,,,2026-05-19,2026-08-09,82.0
