listing_id,source,start,end,n_captures,pages_present,total_pages,board_total,job_count,complete,status
boards:20250103T003048,boards,2025-01-03 00:30:48+00:00,2025-01-03 00:30:48+00:00,1,1,1,77,77,True,ok
boards:20250106T144041,boards,2025-01-06 14:40:41+00:00,2025-01-06 14:40:41+00:00,1,1,1,77,77,True,ok
boards:20250106T160837,boards,2025-01-06 16:08:37+00:00,2025-01-06 16:08:37+00:00,1,1,1,79,79,True,ok
boards:20250106T160855,boards,2025-01-06 16:08:55+00:00,2025-01-06 16:08:55+00:00,1,1,1,79,79,True,ok
boards:20250107T200004,boards,2025-01-07 20:00:04+00:00,2025-01-07 20:00:04+00:00,1,1,1,84,84,True,ok
boards:20250107T200005,boards,2025-01-07 20:00:05+00:00,2025-01-07 20:00:05+00:00,1,1,1,84,84,True,ok
boards:20250107T200006,boards,2025-01-07 20:00:06+00:00,2025-01-07 20:00:06+00:00,1,1,1,84,84,True,ok
boards:20250107T200015,boards,2025-01-07 20:00:15+00:00,2025-01-07 20:00:15+00:00,1,1,1,84,84,True,ok
boards:20250113T214225,boards,2025-01-13 21:42:25+00:00,2025-01-13 21:42:25+00:00,1,1,1,83,83,True,ok
boards:20250114T074235,boards,2025-01-14 07:42:35+00:00,2025-01-14 07:42:35+00:00,1,1,1,85,85,True,ok
boards:20250114T093258,boards,2025-01-14 09:32:58+00:00,2025-01-14 09:32:58+00:00,1,1,1,85,85,True,ok
boards:20250115T103333,boards,2025-01-15 10:33:33+00:00,2025-01-15 10:33:33+00:00,1,1,1,85,85,True,ok
boards:20250115T113523,boards,2025-01-15 11:35:23+00:00,2025-01-15 11:35:23+00:00,1,1,1,85,85,True,ok
boards:20250115T204418,boards,2025-01-15 20:44:18+00:00,2025-01-15 20:44:18+00:00,1,1,1,96,96,True,ok
boards:20250116T062549,boards,2025-01-16 06:25:49+00:00,2025-01-16 06:25:49+00:00,1,1,1,99,99,True,ok
boards:20250116T223352,boards,2025-01-16 22:33:52+00:00,2025-01-16 22:33:52+00:00,1,1,1,100,100,True,ok
boards:20250117T060647,boards,2025-01-17 06:06:47+00:00,2025-01-17 06:06:47+00:00,1,1,1,101,101,True,ok
boards:20250118T141812,boards,2025-01-18 14:18:12+00:00,2025-01-18 14:18:12+00:00,1,1,1,108,108,True,ok
boards:20250118T185436,boards,2025-01-18 18:54:36+00:00,2025-01-18 18:54:36+00:00,1,1,1,113,113,True,ok
boards:20250119T201021,boards,2025-01-19 20:10:21+00:00,2025-01-19 20:10:21+00:00,1,1,1,112,112,True,ok
boards:20250119T220834,boards,2025-01-19 22:08:34+00:00,2025-01-19 22:08:34+00:00,1,1,1,112,112,True,ok
boards:20250120T082609,boards,2025-01-20 08:26:09+00:00,2025-01-20 08:26:09+00:00,1,1,1,112,112,True,ok
boards:20250120T170933,boards,2025-01-20 17:09:33+00:00,2025-01-20 17:09:33+00:00,1,1,1,112,112,True,ok
boards:20250121T125829,boards,2025-01-21 12:58:29+00:00,2025-01-21 12:58:29+00:00,1,1,1,113,113,True,ok
boards:20250122T190119,boards,2025-01-22 19:01:19+00:00,2025-01-22 19:01:19+00:00,1,1,1,116,116,True,ok
boards:20250123T110653,boards,2025-01-23 11:06:53+00:00,2025-01-23 11:06:53+00:00,1,1,1,119,119,True,ok
boards:20250124T061421,boards,2025-01-24 06:14:21+00:00,2025-01-24 06:14:21+00:00,1,1,1,132,132,True,ok
boards:20250124T112708,boards,2025-01-24 11:27:08+00:00,2025-01-24 11:27:08+00:00,1,1,1,131,131,True,ok
boards:20250124T202615,boards,2025-01-24 20:26:15+00:00,2025-01-24 20:26:15+00:00,1,1,1,137,137,True,ok
boards:20250125T073014,boards,2025-01-25 07:30:14+00:00,2025-01-25 07:30:14+00:00,1,1,1,137,137,True,ok
boards:20250125T202217,boards,2025-01-25 20:22:17+00:00,2025-01-25 20:22:17+00:00,1,1,1,137,137,True,ok
boards:20250125T214438,boards,2025-01-25 21:44:38+00:00,2025-01-25 21:44:38+00:00,1,1,1,136,136,True,ok
boards:20250126T094705,boards,2025-01-26 09:47:05+00:00,2025-01-26 09:47:05+00:00,1,1,1,136,136,True,ok
boards:20250126T203230,boards,2025-01-26 20:32:30+00:00,2025-01-26 20:32:30+00:00,1,1,1,136,136,True,ok
boards:20250128T144820,boards,2025-01-28 14:48:20+00:00,2025-01-28 14:48:20+00:00,1,1,1,135,135,True,ok
boards:20250130T155728,boards,2025-01-30 15:57:28+00:00,2025-01-30 15:57:28+00:00,1,1,1,137,137,True,ok
boards:20250203T101115,boards,2025-02-03 10:11:15+00:00,2025-02-03 10:11:15+00:00,1,1,1,141,141,True,ok
boards:20250204T212057,boards,2025-02-04 21:20:57+00:00,2025-02-04 21:20:57+00:00,1,1,1,148,148,True,ok
boards:20250204T233836,boards,2025-02-04 23:38:36+00:00,2025-02-04 23:38:36+00:00,1,1,1,152,152,True,ok
boards:20250206T024204,boards,2025-02-06 02:42:04+00:00,2025-02-06 02:42:04+00:00,1,1,1,153,153,True,ok
boards:20250206T235445,boards,2025-02-06 23:54:45+00:00,2025-02-06 23:54:45+00:00,1,1,1,149,149,True,ok
boards:20250207T043922,boards,2025-02-07 04:39:22+00:00,2025-02-07 04:39:22+00:00,1,1,1,147,147,True,ok
boards:20250207T114558,boards,2025-02-07 11:45:58+00:00,2025-02-07 11:45:58+00:00,1,1,1,147,147,True,ok
boards:20250207T135050,boards,2025-02-07 13:50:50+00:00,2025-02-07 13:50:50+00:00,1,1,1,147,147,True,ok
boards:20250207T235840,boards,2025-02-07 23:58:40+00:00,2025-02-07 23:58:40+00:00,1,1,1,147,147,True,ok
boards:20250208T004437,boards,2025-02-08 00:44:37+00:00,2025-02-08 00:44:37+00:00,1,1,1,148,148,True,ok
boards:20250208T152800,boards,2025-02-08 15:28:00+00:00,2025-02-08 15:28:00+00:00,1,1,1,152,152,True,ok
boards:20250208T225305,boards,2025-02-08 22:53:05+00:00,2025-02-08 22:53:05+00:00,1,1,1,150,150,True,ok
boards:20250209T090348,boards,2025-02-09 09:03:48+00:00,2025-02-09 09:03:48+00:00,1,1,1,149,149,True,ok
boards:20250210T005850,boards,2025-02-10 00:58:50+00:00,2025-02-10 00:58:50+00:00,1,1,1,149,149,True,ok
boards:20250210T063302,boards,2025-02-10 06:33:02+00:00,2025-02-10 06:33:02+00:00,1,1,1,149,149,True,ok
boards:20250210T124047,boards,2025-02-10 12:40:47+00:00,2025-02-10 12:40:47+00:00,1,1,1,149,149,True,ok
boards:20250211T062902,boards,2025-02-11 06:29:02+00:00,2025-02-11 06:29:02+00:00,1,1,1,148,148,True,ok
boards:20250211T080150,boards,2025-02-11 08:01:50+00:00,2025-02-11 08:01:50+00:00,1,1,1,148,148,True,ok
boards:20250212T065112,boards,2025-02-12 06:51:12+00:00,2025-02-12 06:51:12+00:00,1,1,1,153,153,True,ok
boards:20250212T202928,boards,2025-02-12 20:29:28+00:00,2025-02-12 20:29:28+00:00,1,1,1,155,155,True,ok
boards:20250213T053915,boards,2025-02-13 05:39:15+00:00,2025-02-13 05:39:15+00:00,1,1,1,158,158,True,ok
boards:20250214T062324,boards,2025-02-14 06:23:24+00:00,2025-02-14 06:23:24+00:00,1,1,1,159,159,True,ok
boards:20250214T155110,boards,2025-02-14 15:51:10+00:00,2025-02-14 15:51:10+00:00,1,1,1,160,160,True,ok
boards:20250216T194059,boards,2025-02-16 19:40:59+00:00,2025-02-16 19:40:59+00:00,1,1,1,160,160,True,ok
boards:20250217T182230,boards,2025-02-17 18:22:30+00:00,2025-02-17 18:22:30+00:00,1,1,1,160,160,True,ok
boards:20250217T223951,boards,2025-02-17 22:39:51+00:00,2025-02-17 22:39:51+00:00,1,1,1,160,160,True,ok
boards:20250218T052543,boards,2025-02-18 05:25:43+00:00,2025-02-18 05:25:43+00:00,1,1,1,160,160,True,ok
boards:20250218T095116,boards,2025-02-18 09:51:16+00:00,2025-02-18 09:51:16+00:00,1,1,1,160,160,True,ok
boards:20250218T202740,boards,2025-02-18 20:27:40+00:00,2025-02-18 20:27:40+00:00,1,1,1,154,154,True,ok
boards:20250219T113556,boards,2025-02-19 11:35:56+00:00,2025-02-19 11:35:56+00:00,1,1,1,155,155,True,ok
boards:20250221T172412,boards,2025-02-21 17:24:12+00:00,2025-02-21 17:24:12+00:00,1,1,1,157,157,True,ok
boards:20250224T025121,boards,2025-02-24 02:51:21+00:00,2025-02-24 02:51:21+00:00,1,1,1,160,160,True,ok
boards:20250303T193105,boards,2025-03-03 19:31:05+00:00,2025-03-03 19:31:05+00:00,1,1,1,166,166,True,ok
boards:20250307T175541,boards,2025-03-07 17:55:41+00:00,2025-03-07 17:55:41+00:00,1,1,1,162,162,True,ok
boards:20250313T223745,boards,2025-03-13 22:37:45+00:00,2025-03-13 22:37:45+00:00,1,1,1,150,150,True,ok
boards:20250314T084023,boards,2025-03-14 08:40:23+00:00,2025-03-14 08:40:23+00:00,1,1,1,148,148,True,ok
boards:20250315T121613,boards,2025-03-15 12:16:13+00:00,2025-03-15 12:16:13+00:00,1,1,1,149,149,True,ok
boards:20250315T201909,boards,2025-03-15 20:19:09+00:00,2025-03-15 20:19:09+00:00,1,1,1,149,149,True,ok
boards:20250316T021839,boards,2025-03-16 02:18:39+00:00,2025-03-16 02:18:39+00:00,1,1,1,149,149,True,ok
boards:20250316T152549,boards,2025-03-16 15:25:49+00:00,2025-03-16 15:25:49+00:00,1,1,1,149,149,True,ok
boards:20250317T035346,boards,2025-03-17 03:53:46+00:00,2025-03-17 03:53:46+00:00,1,1,1,149,149,True,ok
boards:20250317T071555,boards,2025-03-17 07:15:55+00:00,2025-03-17 07:15:55+00:00,1,1,1,149,149,True,ok
boards:20250317T155124,boards,2025-03-17 15:51:24+00:00,2025-03-17 15:51:24+00:00,1,1,1,149,149,True,ok
boards:20250318T025126,boards,2025-03-18 02:51:26+00:00,2025-03-18 02:51:26+00:00,1,1,1,148,148,True,ok
boards:20250318T082702,boards,2025-03-18 08:27:02+00:00,2025-03-18 08:27:02+00:00,1,1,1,148,148,True,ok
boards:20250318T103456,boards,2025-03-18 10:34:56+00:00,2025-03-18 10:34:56+00:00,1,1,1,148,148,True,ok
boards:20250319T004126,boards,2025-03-19 00:41:26+00:00,2025-03-19 00:41:26+00:00,1,1,1,145,145,True,ok
boards:20250319T083054,boards,2025-03-19 08:30:54+00:00,2025-03-19 08:30:54+00:00,1,1,1,145,145,True,ok
boards:20250319T162837,boards,2025-03-19 16:28:37+00:00,2025-03-19 16:28:37+00:00,1,1,1,144,144,True,ok
boards:20250319T221817,boards,2025-03-19 22:18:17+00:00,2025-03-19 22:18:17+00:00,1,1,1,148,148,True,ok
job_boards:20250320T221034,job_boards,2025-03-20 22:10:34+00:00,2025-03-22 19:24:52+00:00,5,1,4,152,53,False,ok
job_boards:20250323T033711,job_boards,2025-03-23 03:37:11+00:00,2025-03-24 15:22:51+00:00,5,1,4,152,50,False,ok
job_boards:20250325T062702,job_boards,2025-03-25 06:27:02+00:00,2025-03-26 07:14:40+00:00,7,"1,2,3",4,153,154,False,ok
job_boards:20250327T074610,job_boards,2025-03-27 07:46:10+00:00,2025-03-28 09:06:39+00:00,6,1,3,146,53,False,ok
job_boards:20250405T145208,job_boards,2025-04-05 14:52:08+00:00,2025-04-05 14:52:08+00:00,1,1,4,160,50,False,ok
job_boards:20250411T045436,job_boards,2025-04-11 04:54:36+00:00,2025-04-11 05:12:00+00:00,4,"1,2,3,4",4,156,156,True,ok
job_boards:20250413T081853,job_boards,2025-04-13 08:18:53+00:00,2025-04-13 14:03:19+00:00,4,1,4,158,50,False,ok
job_boards:20250417T154312,job_boards,2025-04-17 15:43:12+00:00,2025-04-19 12:43:18+00:00,10,1,4,166,51,False,ok
job_boards:20250419T192105,job_boards,2025-04-19 19:21:05+00:00,2025-04-21 15:52:05+00:00,9,1,4,162,50,False,ok
job_boards:20250421T210018,job_boards,2025-04-21 21:00:18+00:00,2025-04-23 10:52:53+00:00,4,1,4,174,52,False,ok
job_boards:20250424T175049,job_boards,2025-04-24 17:50:49+00:00,2025-04-26 14:03:07+00:00,14,"1,3,4",4,177,126,False,ok
job_boards:20250426T232035,job_boards,2025-04-26 23:20:35+00:00,2025-04-28 22:54:16+00:00,9,1,4,178,51,False,ok
job_boards:20250429T010502,job_boards,2025-04-29 01:05:02+00:00,2025-04-30 00:17:36+00:00,5,1,4,180,50,False,ok
job_boards:20250501T062146,job_boards,2025-05-01 06:21:46+00:00,2025-05-02 23:18:49+00:00,3,1,4,187,51,False,ok
job_boards:20250504T103328,job_boards,2025-05-04 10:33:28+00:00,2025-05-04 10:33:28+00:00,1,1,4,186,50,False,ok
job_boards:20250512T015459,job_boards,2025-05-12 01:54:59+00:00,2025-05-13 16:30:41+00:00,7,1,4,199,52,False,ok
job_boards:20250514T055733,job_boards,2025-05-14 05:57:33+00:00,2025-05-16 05:05:43+00:00,9,1,5,205,52,False,ok
job_boards:20250517T033132,job_boards,2025-05-17 03:31:32+00:00,2025-05-18 23:33:04+00:00,7,1,4,200,50,False,ok
job_boards:20250519T174453,job_boards,2025-05-19 17:44:53+00:00,2025-05-21 15:56:29+00:00,12,1,4,200,51,False,ok
job_boards:20250521T184730,job_boards,2025-05-21 18:47:30+00:00,2025-05-23 15:37:55+00:00,12,"1,2,3,4",4,199,199,True,ok
job_boards:20250523T191500,job_boards,2025-05-23 19:15:00+00:00,2025-05-23 22:11:15+00:00,2,1,4,198,50,False,ok
job_boards:20250530T021629,job_boards,2025-05-30 02:16:29+00:00,2025-05-30 03:11:00+00:00,7,"1,2,3,4,5",4,200,200,True,ok
job_boards:20250607T030937,job_boards,2025-06-07 03:09:37+00:00,2025-06-07 13:43:13+00:00,2,1,5,209,50,False,ok
job_boards:20250612T114429,job_boards,2025-06-12 11:44:29+00:00,2025-06-14 05:31:01+00:00,5,1,5,209,50,False,ok
job_boards:20250614T193507,job_boards,2025-06-14 19:35:07+00:00,2025-06-16 12:12:11+00:00,5,1,5,202,50,False,ok
job_boards:20250616T214500,job_boards,2025-06-16 21:45:00+00:00,2025-06-18 16:59:35+00:00,8,"1,3,4",5,202,150,False,ok
job_boards:20250619T101901,job_boards,2025-06-19 10:19:01+00:00,2025-06-21 01:17:24+00:00,8,1,4,199,51,False,ok
job_boards:20250621T102212,job_boards,2025-06-21 10:22:12+00:00,2025-06-23 09:16:24+00:00,6,1,4,198,50,False,ok
job_boards:20250623T150822,job_boards,2025-06-23 15:08:22+00:00,2025-06-25 07:57:12+00:00,7,1,5,209,51,False,ok
job_boards:20250626T141539,job_boards,2025-06-26 14:15:39+00:00,2025-06-28 01:14:01+00:00,3,"1,3,5",5,210,110,False,ok
job_boards:20250628T151524,job_boards,2025-06-28 15:15:24+00:00,2025-06-28 15:15:24+00:00,1,2,5,210,50,False,ok
job_boards:20250702T211345,job_boards,2025-07-02 21:13:45+00:00,2025-07-02 21:17:08+00:00,6,"1,2,3,4,5",5,214,214,True,ok
job_boards:20250704T230539,job_boards,2025-07-04 23:05:39+00:00,2025-07-04 23:05:39+00:00,1,1,5,217,50,False,ok
job_boards:20250707T203458,job_boards,2025-07-07 20:34:58+00:00,2025-07-09 06:30:27+00:00,3,1,5,216,52,False,ok
job_boards:20250710T050449,job_boards,2025-07-10 05:04:49+00:00,2025-07-12 04:26:48+00:00,8,1,5,212,51,False,ok
job_boards:20250712T091226,job_boards,2025-07-12 09:12:26+00:00,2025-07-14 08:50:21+00:00,6,1,5,208,50,False,ok
job_boards:20250714T102627,job_boards,2025-07-14 10:26:27+00:00,2025-07-16 08:08:25+00:00,8,1,5,208,52,False,ok
job_boards:20250716T113856,job_boards,2025-07-16 11:38:56+00:00,2025-07-17 18:26:01+00:00,4,1,5,206,53,False,ok
job_boards:20250718T161005,job_boards,2025-07-18 16:10:05+00:00,2025-07-20 09:35:36+00:00,5,1,4,199,54,False,ok
job_boards:20250723T230950,job_boards,2025-07-23 23:09:50+00:00,2025-07-25 07:41:31+00:00,2,1,4,189,52,False,ok
job_boards:20250728T233435,job_boards,2025-07-28 23:34:35+00:00,2025-07-29 00:01:50+00:00,4,"1,2,3,4",4,190,188,True,ok
job_boards:20250730T233825,job_boards,2025-07-30 23:38:25+00:00,2025-08-01 03:53:29+00:00,3,1,4,191,50,False,ok
job_boards:20250803T014159,job_boards,2025-08-03 01:41:59+00:00,2025-08-04 14:01:54+00:00,9,1,4,191,50,False,ok
job_boards:20250805T071646,job_boards,2025-08-05 07:16:46+00:00,2025-08-06 08:08:57+00:00,3,1,4,197,50,False,ok
job_boards:20250807T102306,job_boards,2025-08-07 10:23:06+00:00,2025-08-09 05:57:55+00:00,7,1,4,191,52,False,ok
job_boards:20250809T145530,job_boards,2025-08-09 14:55:30+00:00,2025-08-11 10:44:37+00:00,14,"1,2,3,4",4,191,188,True,ok
job_boards:20250811T172101,job_boards,2025-08-11 17:21:01+00:00,2025-08-12 21:26:05+00:00,12,"1,2,3",4,190,150,False,ok
job_boards:20250813T211435,job_boards,2025-08-13 21:14:35+00:00,2025-08-15 18:46:12+00:00,12,"1,2,4",4,188,140,False,ok
job_boards:20250815T220724,job_boards,2025-08-15 22:07:24+00:00,2025-08-15 22:07:24+00:00,1,1,4,187,50,False,ok
job_boards:20250818T072439,job_boards,2025-08-18 07:24:39+00:00,2025-08-18 07:24:39+00:00,1,1,4,183,50,False,ok
job_boards:20250820T150157,job_boards,2025-08-20 15:01:57+00:00,2025-08-20 15:01:57+00:00,1,1,4,179,50,False,ok
job_boards:20250825T024535,job_boards,2025-08-25 02:45:35+00:00,2025-08-26 04:12:26+00:00,14,"1,2,3,4",4,179,179,True,ok
job_boards:20250902T161436,job_boards,2025-09-02 16:14:36+00:00,2025-09-03 01:00:16+00:00,5,"1,2,3,4",4,174,175,True,ok
job_boards:20250905T174640,job_boards,2025-09-05 17:46:40+00:00,2025-09-07 09:28:18+00:00,14,1,4,167,52,False,ok
job_boards:20250907T201520,job_boards,2025-09-07 20:15:20+00:00,2025-09-09 17:03:30+00:00,8,1,4,167,53,False,ok
job_boards:20250909T225248,job_boards,2025-09-09 22:52:48+00:00,2025-09-11 17:58:49+00:00,6,1,4,171,51,False,ok
job_boards:20250912T030224,job_boards,2025-09-12 03:02:24+00:00,2025-09-14 00:18:24+00:00,7,1,4,175,51,False,ok
job_boards:20250914T142251,job_boards,2025-09-14 14:22:51+00:00,2025-09-16 05:09:05+00:00,9,1,4,181,50,False,ok
job_boards:20250916T161257,job_boards,2025-09-16 16:12:57+00:00,2025-09-18 06:48:19+00:00,15,"1,2,3,4",4,183,184,True,ok
job_boards:20250919T005059,job_boards,2025-09-19 00:50:59+00:00,2025-09-20 00:07:48+00:00,2,1,4,180,51,False,ok
job_boards:20250921T020035,job_boards,2025-09-21 02:00:35+00:00,2025-09-21 02:00:35+00:00,1,1,4,176,50,False,ok
job_boards:20250929T004426,job_boards,2025-09-29 00:44:26+00:00,2025-09-30 23:15:22+00:00,6,"1,2,3,4",4,197,197,True,ok
job_boards:20251002T034910,job_boards,2025-10-02 03:49:10+00:00,2025-10-02 03:49:10+00:00,1,1,4,192,50,False,ok
job_boards:20251005T125322,job_boards,2025-10-05 12:53:22+00:00,2025-10-07 12:27:21+00:00,18,"1,2,3,4",4,197,198,True,ok
job_boards:20251007T131716,job_boards,2025-10-07 13:17:16+00:00,2025-10-09 08:41:00+00:00,20,1,4,198,50,False,ok
job_boards:20251009T151644,job_boards,2025-10-09 15:16:44+00:00,2025-10-11 12:43:19+00:00,12,1,5,211,53,False,ok
job_boards:20251011T165301,job_boards,2025-10-11 16:53:01+00:00,2025-10-13 15:48:22+00:00,11,1,5,211,51,False,ok
job_boards:20251013T205949,job_boards,2025-10-13 20:59:49+00:00,2025-10-15 18:39:19+00:00,13,1,5,211,55,False,ok
job_boards:20251015T212240,job_boards,2025-10-15 21:22:40+00:00,2025-10-17 17:51:22+00:00,9,"1,2,3,5",5,209,158,False,ok
job_boards:20251018T151317,job_boards,2025-10-18 15:13:17+00:00,2025-10-19 23:50:10+00:00,7,1,5,212,50,False,ok
job_boards:20251022T165104,job_boards,2025-10-22 16:51:04+00:00,2025-10-23 23:18:52+00:00,25,1,5,219,50,False,ok
job_boards:20251024T211124,job_boards,2025-10-24 21:11:24+00:00,2025-10-26 05:56:01+00:00,13,1,5,226,51,False,ok
job_boards:20251031T225711,job_boards,2025-10-31 22:57:11+00:00,2025-11-01 02:43:04+00:00,3,"1,2,4",5,238,150,False,ok
job_boards:20251104T235333,job_boards,2025-11-04 23:53:33+00:00,2025-11-06 22:44:14+00:00,6,"1,2,4,5",6,260,194,False,ok
job_boards:20251107T085430,job_boards,2025-11-07 08:54:30+00:00,2025-11-09 03:35:28+00:00,4,1,6,282,58,False,ok
job_boards:20251109T165812,job_boards,2025-11-09 16:58:12+00:00,2025-11-11 14:55:12+00:00,7,1,6,288,52,False,ok
job_boards:20251112T022107,job_boards,2025-11-12 02:21:07+00:00,2025-11-13 22:56:30+00:00,9,1,6,298,53,False,ok
job_boards:20251114T033432,job_boards,2025-11-14 03:34:32+00:00,2025-11-16 01:03:10+00:00,20,"1,2,3,4,5,6",6,294,295,True,ok
job_boards:20251116T072139,job_boards,2025-11-16 07:21:39+00:00,2025-11-18 06:49:22+00:00,14,1,6,293,51,False,ok
job_boards:20251118T112609,job_boards,2025-11-18 11:26:09+00:00,2025-11-19 11:17:31+00:00,9,1,6,291,51,False,ok
job_boards:20251121T102128,job_boards,2025-11-21 10:21:28+00:00,2025-11-23 00:05:23+00:00,2,1,6,292,51,False,ok
job_boards:20251129T162631,job_boards,2025-11-29 16:26:31+00:00,2025-12-01 09:27:42+00:00,2,1,6,290,50,False,ok
job_boards:20251204T061557,job_boards,2025-12-04 06:15:57+00:00,2025-12-06 06:06:23+00:00,8,"1,2,6",6,287,140,False,ok
job_boards:20251206T132518,job_boards,2025-12-06 13:25:18+00:00,2025-12-08 08:17:35+00:00,8,1,6,288,50,False,ok
job_boards:20251208T165739,job_boards,2025-12-08 16:57:39+00:00,2025-12-10 12:41:50+00:00,7,1,6,297,55,False,ok
job_boards:20251210T173959,job_boards,2025-12-10 17:39:59+00:00,2025-12-12 12:52:04+00:00,15,"1,2,3,4,6",7,306,253,False,ok
job_boards:20251212T183849,job_boards,2025-12-12 18:38:49+00:00,2025-12-14 13:57:22+00:00,8,"1,5",6,296,100,False,ok
job_boards:20251215T041956,job_boards,2025-12-15 04:19:56+00:00,2025-12-16 21:17:29+00:00,7,1,6,289,51,False,ok
job_boards:20251217T085222,job_boards,2025-12-17 08:52:22+00:00,2025-12-18 05:10:56+00:00,3,1,6,291,52,False,ok
job_boards:20251222T102951,job_boards,2025-12-22 10:29:51+00:00,2025-12-24 04:04:08+00:00,5,1,6,293,50,False,ok
job_boards:20251225T011153,job_boards,2025-12-25 01:11:53+00:00,2025-12-25 01:11:53+00:00,1,1,6,292,50,False,ok
job_boards:20260104T230030,job_boards,2026-01-04 23:00:30+00:00,2026-01-04 23:00:30+00:00,1,1,6,295,50,False,ok
job_boards:20260112T184442,job_boards,2026-01-12 18:44:42+00:00,2026-01-14 15:01:13+00:00,10,1,7,315,52,False,ok
job_boards:20260114T231713,job_boards,2026-01-14 23:17:13+00:00,2026-01-16 10:28:44+00:00,10,1,7,326,50,False,ok
job_boards:20260117T112753,job_boards,2026-01-17 11:27:53+00:00,2026-01-19 08:31:55+00:00,13,1,7,338,51,False,ok
job_boards:20260119T155020,job_boards,2026-01-19 15:50:20+00:00,2026-01-21 05:46:11+00:00,9,1,7,342,51,False,ok
job_boards:20260121T171344,job_boards,2026-01-21 17:13:44+00:00,2026-01-23 11:28:58+00:00,9,1,8,351,53,False,ok
job_boards:20260123T212551,job_boards,2026-01-23 21:25:51+00:00,2026-01-25 11:37:43+00:00,8,1,8,358,53,False,ok
job_boards:20260129T075209,job_boards,2026-01-29 07:52:09+00:00,2026-01-31 06:13:13+00:00,3,1,8,367,53,False,ok
job_boards:20260201T012405,job_boards,2026-02-01 01:24:05+00:00,2026-02-01 01:24:05+00:00,1,1,8,365,50,False,ok
job_boards:20260204T083658,job_boards,2026-02-04 08:36:58+00:00,2026-02-05 23:28:00+00:00,2,1,9,401,51,False,ok
job_boards:20260207T071128,job_boards,2026-02-07 07:11:28+00:00,2026-02-09 03:26:45+00:00,6,1,9,411,50,False,ok
job_boards:20260209T175423,job_boards,2026-02-09 17:54:23+00:00,2026-02-11 15:24:00+00:00,27,"1,2,3,5,7,8",9,415,300,False,ok
job_boards:20260211T193031,job_boards,2026-02-11 19:30:31+00:00,2026-02-13 18:10:45+00:00,10,1,9,443,56,False,ok
job_boards:20260213T234249,job_boards,2026-02-13 23:42:49+00:00,2026-02-15 11:31:08+00:00,8,1,10,451,50,False,ok
job_boards:20260215T235115,job_boards,2026-02-15 23:51:15+00:00,2026-02-17 21:51:40+00:00,10,1,10,451,52,False,ok
job_boards:20260218T090631,job_boards,2026-02-18 09:06:31+00:00,2026-02-19 02:36:36+00:00,2,1,10,451,50,False,ok
job_boards:20260224T233345,job_boards,2026-02-24 23:33:45+00:00,2026-02-26 20:15:24+00:00,11,"1,2,3,4,5,6,7,8,9",9,444,442,True,ok
job_boards:20260228T094028,job_boards,2026-02-28 09:40:28+00:00,2026-02-28 19:34:10+00:00,2,1,10,451,51,False,ok
job_boards:20260302T171416,job_boards,2026-03-02 17:14:16+00:00,2026-03-04 05:48:58+00:00,9,"1,2,3,5,8,9",10,451,297,False,ok
job_boards:20260305T173122,job_boards,2026-03-05 17:31:22+00:00,2026-03-07 03:15:57+00:00,10,"1,2,7,9",10,451,201,False,ok
job_boards:20260307T195129,job_boards,2026-03-07 19:51:29+00:00,2026-03-09 17:52:40+00:00,15,1,9,450,73,False,ok
job_boards:20260309T203314,job_boards,2026-03-09 20:33:14+00:00,2026-03-11 14:11:22+00:00,8,1,10,451,57,False,ok
job_boards:20260311T215822,job_boards,2026-03-11 21:58:22+00:00,2026-03-13 21:11:37+00:00,10,1,9,447,51,False,ok
job_boards:20260313T231556,job_boards,2026-03-13 23:15:56+00:00,2026-03-15 17:52:29+00:00,11,1,9,450,50,False,ok
job_boards:20260316T015929,job_boards,2026-03-16 01:59:29+00:00,2026-03-17 11:58:24+00:00,8,1,9,450,53,False,ok
job_boards:20260320T034857,job_boards,2026-03-20 03:48:57+00:00,2026-03-21 02:05:36+00:00,3,1,9,441,50,False,ok
job_boards:20260324T023609,job_boards,2026-03-24 02:36:09+00:00,2026-03-24 02:36:09+00:00,1,1,9,433,50,False,ok
job_boards:20260327T035014,job_boards,2026-03-27 03:50:14+00:00,2026-03-27 13:23:27+00:00,3,"1,2,9",10,451,149,False,ok
job_boards:20260329T195314,job_boards,2026-03-29 19:53:14+00:00,2026-03-30 22:23:19+00:00,2,1,9,445,50,False,ok
job_boards:20260402T005555,job_boards,2026-04-02 00:55:55+00:00,2026-04-02 00:55:55+00:00,1,1,9,432,50,False,ok
job_boards:20260407T203344,job_boards,2026-04-07 20:33:44+00:00,2026-04-09 15:35:38+00:00,6,"1,2,3,8",9,424,200,False,ok
job_boards:20260410T102059,job_boards,2026-04-10 10:20:59+00:00,2026-04-11 20:34:28+00:00,10,1,9,430,50,False,ok
job_boards:20260412T221906,job_boards,2026-04-12 22:19:06+00:00,2026-04-14 10:26:02+00:00,7,1,9,428,51,False,ok
api:20260414T223956,api,2026-04-14 22:39:56+00:00,2026-04-14 22:39:56+00:00,1,1,1,429,429,True,ok
job_boards:20260415T010613,job_boards,2026-04-15 01:06:13+00:00,2026-04-17 00:18:28+00:00,21,"1,2,3,7,8,9",9,438,285,False,ok
job_boards:20260417T064633,job_boards,2026-04-17 06:46:33+00:00,2026-04-19 05:05:17+00:00,10,1,9,436,51,False,ok
job_boards:20260419T074941,job_boards,2026-04-19 07:49:41+00:00,2026-04-21 00:36:16+00:00,9,1,9,439,60,False,ok
job_boards:20260421T080625,job_boards,2026-04-21 08:06:25+00:00,2026-04-22 23:31:29+00:00,12,1,9,447,52,False,ok
job_boards:20260424T212346,job_boards,2026-04-24 21:23:46+00:00,2026-04-24 21:38:47+00:00,8,"1,2",5,207,119,False,ok
job_boards:20260429T144950,job_boards,2026-04-29 14:49:50+00:00,2026-05-01 02:15:36+00:00,7,1,9,450,95,False,ok
job_boards:20260503T171429,job_boards,2026-05-03 17:14:29+00:00,2026-05-03 17:14:29+00:00,1,1,9,443,50,False,ok
job_boards:20260505T202206,job_boards,2026-05-05 20:22:06+00:00,2026-05-05 20:22:06+00:00,1,1,9,433,50,False,ok
job_boards:20260508T005413,job_boards,2026-05-08 00:54:13+00:00,2026-05-10 00:05:39+00:00,9,"1,2,3,4,8,9",9,426,275,False,ok
api:20260510T105708,api,2026-05-10 10:57:08+00:00,2026-05-10 10:57:08+00:00,1,1,1,423,423,True,ok
job_boards:20260510T024029,job_boards,2026-05-10 02:40:29+00:00,2026-05-11 21:24:41+00:00,11,1,9,424,50,False,ok
job_boards:20260512T024430,job_boards,2026-05-12 02:44:30+00:00,2026-05-13 17:58:15+00:00,12,1,9,421,50,False,ok
job_boards:20260514T042125,job_boards,2026-05-14 04:21:25+00:00,2026-05-16 02:09:32+00:00,15,1,9,421,77,False,ok
job_boards:20260516T051415,job_boards,2026-05-16 05:14:15+00:00,2026-05-18 04:14:26+00:00,13,1,9,411,51,False,ok
api:20260519T221055,api,2026-05-19 22:10:55+00:00,2026-05-19 22:10:55+00:00,1,1,1,392,392,True,ok
job_boards:20260518T060541,job_boards,2026-05-18 06:05:41+00:00,2026-05-20 05:04:23+00:00,11,1,9,406,50,False,ok
job_boards:20260520T094240,job_boards,2026-05-20 09:42:40+00:00,2026-05-21 20:20:56+00:00,13,"1,10,11",8,393,52,False,ok
job_boards:20260525T140617,job_boards,2026-05-25 14:06:17+00:00,2026-05-26 15:54:26+00:00,3,1,8,392,50,False,ok
job_boards:20260601T091228,job_boards,2026-06-01 09:12:28+00:00,2026-06-02 13:12:16+00:00,3,1,8,367,51,False,ok
job_boards:20260603T095322,job_boards,2026-06-03 09:53:22+00:00,2026-06-04 04:28:06+00:00,3,1,8,369,51,False,ok
job_boards:20260605T234219,job_boards,2026-06-05 23:42:19+00:00,2026-06-07 22:48:45+00:00,13,1,8,374,50,False,ok
job_boards:20260608T031121,job_boards,2026-06-08 03:11:21+00:00,2026-06-10 00:47:44+00:00,12,1,8,378,50,False,ok
job_boards:20260610T060217,job_boards,2026-06-10 06:02:17+00:00,2026-06-12 04:52:51+00:00,14,"1,2,3,4,7,8",8,379,273,False,ok
job_boards:20260612T122053,job_boards,2026-06-12 12:20:53+00:00,2026-06-14 10:59:32+00:00,10,1,8,382,50,False,ok
job_boards:20260614T191934,job_boards,2026-06-14 19:19:34+00:00,2026-06-16 18:49:57+00:00,18,"1,2",8,381,149,False,ok
job_boards:20260617T094335,job_boards,2026-06-17 09:43:35+00:00,2026-06-19 07:27:46+00:00,4,1,8,376,52,False,ok
job_boards:20260621T193728,job_boards,2026-06-21 19:37:28+00:00,2026-06-22 10:34:56+00:00,3,1,1,21,31,True,suspect
job_boards:20260624T055758,job_boards,2026-06-24 05:57:58+00:00,2026-06-24 19:29:24+00:00,3,1,8,381,50,False,ok
job_boards:20260628T020026,job_boards,2026-06-28 02:00:26+00:00,2026-06-28 20:32:44+00:00,4,1,8,398,50,False,ok
job_boards:20260703T172340,job_boards,2026-07-03 17:23:40+00:00,2026-07-03 17:23:40+00:00,1,1,8,388,50,False,ok
job_boards:20260709T211150,job_boards,2026-07-09 21:11:50+00:00,2026-07-11 15:22:58+00:00,12,1,9,412,51,False,ok
job_boards:20260713T105754,job_boards,2026-07-13 10:57:54+00:00,2026-07-15 02:46:51+00:00,2,1,9,413,51,False,ok
job_boards:20260715T210147,job_boards,2026-07-15 21:01:47+00:00,2026-07-15 21:01:47+00:00,2,1,9,418,50,False,ok
job_boards:20260719T221009,job_boards,2026-07-19 22:10:09+00:00,2026-07-19 22:10:09+00:00,1,1,9,411,50,False,ok
job_boards:20260722T170043,job_boards,2026-07-22 17:00:43+00:00,2026-07-24 13:31:16+00:00,2,1,9,411,51,False,ok
job_boards:20260724T190437,job_boards,2026-07-24 19:04:37+00:00,2026-07-25 21:28:54+00:00,4,1,9,418,51,False,ok
job_boards:20260727T151752,job_boards,2026-07-27 15:17:52+00:00,2026-07-27 15:17:52+00:00,1,1,1,10,10,True,suspect
job_boards:20260806T163751,job_boards,2026-08-06 16:37:51+00:00,2026-08-06 18:25:48+00:00,2,1,8,395,50,False,ok
api:20260809T133054,api,2026-08-09 13:30:54+00:00,2026-08-09 13:30:54+00:00,1,1,1,392,392,True,ok
job_boards:20260809T133055,job_boards,2026-08-09 13:30:55+00:00,2026-08-09 22:53:18+00:00,3,1,8,392,50,False,ok
job_boards:20260812T070324,job_boards,2026-08-12 07:03:24+00:00,2026-08-13 09:44:24+00:00,3,1,9,413,50,False,ok
job_boards:20260817T013305,job_boards,2026-08-17 01:33:05+00:00,2026-08-18 08:37:19+00:00,3,1,10,461,51,False,ok
job_boards:20260819T063643,job_boards,2026-08-19 06:36:43+00:00,2026-08-19 06:36:43+00:00,1,1,10,465,50,False,ok
job_boards:20260821T112454,job_boards,2026-08-21 11:24:54+00:00,2026-08-22 23:27:07+00:00,3,1,11,517,53,False,ok
job_boards:20260825T035039,job_boards,2026-08-25 03:50:39+00:00,2026-08-25 04:05:44+00:00,5,"1,2,3,4,5",11,537,250,False,ok
job_boards:20260828T151614,job_boards,2026-08-28 15:16:14+00:00,2026-08-29 15:04:07+00:00,3,1,12,571,50,False,ok
job_boards:20260830T194801,job_boards,2026-08-30 19:48:01+00:00,2026-08-30 19:48:01+00:00,1,1,1,2,2,True,suspect
job_boards:20260906T161932,job_boards,2026-09-06 16:19:32+00:00,2026-09-07 07:17:21+00:00,3,1,12,592,51,False,ok
job_boards:20260911T010044,job_boards,2026-09-11 01:00:44+00:00,2026-09-11 19:47:07+00:00,3,1,12,595,50,False,ok
job_boards:20260914T133908,job_boards,2026-09-14 13:39:08+00:00,2026-09-16 06:01:45+00:00,6,"1,3,4,11,12",12,596,246,False,ok
job_boards:20260917T114623,job_boards,2026-09-17 11:46:23+00:00,2026-09-17 21:55:15+00:00,3,1,13,607,50,False,ok
job_boards:20260921T010012,job_boards,2026-09-21 01:00:12+00:00,2026-09-22 14:55:58+00:00,2,1,13,618,50,False,ok
job_boards:20260927T024336,job_boards,2026-09-27 02:43:36+00:00,2026-09-27 15:14:23+00:00,2,1,13,618,50,False,ok
job_boards:20260930T175950,job_boards,2026-09-30 17:59:50+00:00,2026-09-30 17:59:50+00:00,1,1,13,636,50,False,ok
